{
    "prix": {
        "moyenne": [
            69.7829842931937,
            95.16666666666667,
            8.068302083333332
        ],
        "mediane": [
            70.0,
            110.5,
            7.0
        ],
        "ecart_type": [
            39.419144337601416,
            28.81213093280136,
            6.647773337460119
        ],
        "quartiles": {
            "Q1": [
                48.0,
                85.0,
                4.5
            ],
            "Q2": [
                70.0,
                110.5,
                7.0
            ],
            "Q3": [
                73.0,
                115.5,
                10.0
            ]
        },
        "effectifs": [
            [
                [
                    10.0,
                    15.0,
                    18.0,
                    19.0,
                    20.0,
                    22.0,
                    25.0,
                    28.0,
                    29.0,
                    29.99,
                    30.0,
                    32.0,
                    35.0,
                    36.0,
                    39.0,
                    39.99,
                    40.0,
                    42.0,
                    45.0,
                    46.88,
                    48.0,
                    49.0,
                    49.9,
                    50.0,
                    53.0,
                    54.0,
                    55.0,
                    56.0,
                    59.0,
                    59.22,
                    60.0,
                    65.0,
                    67.0,
                    67.83,
                    69.0,
                    69.9,
                    69.99,
                    70.0,
                    70.1,
                    70.2,
                    70.35,
                    70.5,
                    70.59,
                    70.62,
                    71.0,
                    71.02,
                    71.16,
                    71.2,
                    71.22,
                    71.26,
                    71.28,
                    71.3,
                    71.33,
                    71.37,
                    71.39,
                    71.46,
                    71.5,
                    71.58,
                    71.69,
                    71.78,
                    71.8,
                    71.89,
                    72.0,
                    72.03,
                    72.32,
                    72.33,
                    72.36,
                    72.44,
                    72.56,
                    72.6,
                    72.64,
                    72.66,
                    72.96,
                    73.0,
                    73.2,
                    73.3,
                    73.6,
                    73.64,
                    74.0,
                    74.2,
                    74.66,
                    75.0,
                    75.25,
                    78.0,
                    79.0,
                    80.0,
                    85.0,
                    89.0,
                    90.0,
                    92.0,
                    95.0,
                    98.0,
                    100.0,
                    110.0,
                    115.0,
                    120.0,
                    125.0,
                    130.0,
                    135.0,
                    140.0,
                    150.0,
                    159.0,
                    160.0,
                    195.0,
                    200.0,
                    215.0,
                    250.0,
                    300.0,
                    350.0,
                    399.0
                ],
                [
                    50.0,
                    60.0,
                    110.0,
                    111.0,
                    120.0
                ],
                [
                    1.0,
                    1.5,
                    1.9,
                    1.99,
                    2.0,
                    2.5,
                    3.0,
                    3.5,
                    3.9,
                    4.0,
                    4.5,
                    4.8,
                    4.99,
                    5.0,
                    5.5,
                    5.8,
                    6.0,
                    6.3,
                    6.5,
                    6.99,
                    7.0,
                    7.5,
                    7.99,
                    8.0,
                    8.5,
                    8.8,
                    9.0,
                    10.0,
                    11.0,
                    11.99,
                    12.0,
                    12.99,
                    13.0,
                    13.5,
                    13.95,
                    14.0,
                    15.0,
                    15.2,
                    16.0,
                    16.5,
                    17.0,
                    18.0,
                    19.0,
                    19.99,
                    20.0,
                    21.0,
                    22.0,
                    23.0,
                    25.0,
                    27.0,
                    30.0,
                    31.0,
                    32.0,
                    35.0,
                    39.0,
                    40.0,
                    42.0,
                    45.0,
                    49.0,
                    60.0,
                    64.5,
                    69.0
                ]
            ],
            [
                382,
                6,
                960
            ]
        ],